<?xml version="1.0" encoding="UTF-8"?>
<project name="teststatistics" default="all">

  <property file="build.properties"/>

  <path id="classpath">
    <fileset dir="${lib.dir}" includes="junit-4.10.jar"/>
    <fileset dir="${lib.dir}" includes="hamcrest-core-1.1.jar"/>
  </path>

  <target name="clean">
    <echo>Cleaning the directories</echo>
    <delete dir="${build.dir}"/>
    <delete dir="${target.report.dir}"/>
  </target>

  <target name="init" depends="clean">

    <mkdir dir="${target.report.dir}" />
    <mkdir dir="${target.report.dir}/html/" />
  </target>


  <target name="compile" depends="init">
    <!--<mkdir dir="${build.dir}" />-->
    <!--<mkdir dir="${build.dir}/classes" />-->
    <!--<javac destdir="${build.dir}/classes" includeantruntime="false">-->
      <!--<src path="${src.dir}" />-->
    <!--</javac>-->
  </target>


  <target name="run-tests" depends="compile">
    <junit printsummary="yes"   haltonerror="no" haltonfailure="no">
      <formatter type="plain" usefile="false" />
      <formatter type="xml" />
      <batchtest todir="${target.report.dir}">
        <fileset dir="${test.dir}">
          <include name="**/*Test.java" />
          <exclude name="**/Test*All.java" />
        </fileset>
      </batchtest>
      <classpath>
        <pathelement path="lib/junit-4.10.jar" />
        <pathelement path="lib/hamcrest-core-1.1.jar" />
      </classpath>
    </junit>
  </target>

  <target name="report" depends="run-tests">
    <junitreport todir="${target.report.dir}">
      <fileset dir="${target.report.dir}">
        <include name="*.xml" />
      </fileset>
      <report  todir="${target.report.dir}/html" />
    </junitreport>
  </target>


  <target name="all" depends="report" description="build all"/>
</project>